{"cameraMode":{"drawMode":0,"name":"Shaded","section":"Shading Mode"},"sceneLighting":true,"audioPlay":false,"sceneViewState":{"showFog":true,"showMaterialUpdate":false,"showSkybox":true,"showFlares":true,"showImageEffects":true,"showParticleSystems":true},"in2DMode":false,"pivot":{"x":-101.01841735839844,"y":-21.968414306640626,"z":195.37692260742188},"rotation":{"x":-0.13328492641448975,"y":0.25328266620635989,"z":-0.035256527364254,"w":-0.9575176239013672},"size":492.7346496582031,"orthographic":false}